AIR_OP_EXPENSE,FL_ATT_EXPENSE,FOOD_EXPENSE,OTH_IN_FL_EXPENSE,PAX_SVC_EXPENSE,LINE_SVC_EXPENSE,CONTROL_EXPENSE,LANDING_FEES,AIR_SVC_EXPENSE,TRAFFIC_EXP_PAX,TRAFFIC_EXP_CARGO,TRAFFIC_EXP_OTH,TRAFFIC_EXPENSE,RES_EXP_PAX,RES_EXP_CARGO,RES_EXP_OTH,RES_EXPENSE,AD_EXP_PAX,AD_EXP_CARGO,AD_EXP_INST,AD_EXPENSE,ADMIN_EXPENSE,DEPR_EXP_MAINT,AMORTIZATION,TRANSPORT_EXP,TOTAL_OP_EXPENSE,MAINT_PROP_EQUIP,DEPR_PROP_EQUIP,MAINT_DEPR,SVC_SALES_OP_EXP,AIRLINE_ID,UNIQUE_CARRIER,UNIQUE_CARRIER_NAME,CARRIER,CARRIER_NAME,UNIQUE_CARRIER_ENTITY,REGION,CARRIER_GROUP_NEW,CARRIER_GROUP,YEAR,QUARTER
0.00,0.00,0.00,0.00,0.00,0.00,0.00,0.00,0.00,0.00,0.00,0.00,0.00,0.00,0.00,0.00,0.00,0.00,0.00,0.00,0.00,0.00,0.00,0.00,0.00,0.00,0.00,0.00,0.00,0.00,20100,PO,Polar Air Cargo Airways,PO,Polar Air Cargo Airways,16757,A,3,3,2024,2
0.00,0.00,0.00,0.00,0.00,0.00,0.00,0.00,0.00,0.00,0.00,0.00,0.00,0.00,0.00,0.00,0.00,0.00,0.00,0.00,0.00,0.00,0.00,0.00,0.00,0.00,0.00,0.00,0.00,0.00,20452,YX,Republic Airline,YX,Republic Airline,11029,L,3,3,2024,1
0.00,0.00,0.00,0.00,0.00,0.00,0.00,0.00,0.00,0.00,0.00,0.00,0.00,0.00,0.00,0.00,0.00,0.00,0.00,0.00,0.00,0.00,0.00,0.00,0.00,0.00,0.00,0.00,0.00,0.00,20452,YX,Republic Airline,YX,Republic Airline,11029,L,3,3,2024,2
0.00,0.00,0.00,0.00,0.00,0.00,0.00,0.00,0.00,0.00,0.00,0.00,0.00,0.00,0.00,0.00,0.00,0.00,0.00,0.00,0.00,0.00,0.00,0.00,0.00,0.00,0.00,0.00,0.00,0.00,20452,YX,Republic Airline,YX,Republic Airline,11029,L,3,3,2024,3
1674.03,0.00,0.00,0.00,0.00,367.14,2.01,22.04,391.19,0.00,-177.29,0.00,-177.29,0.00,74.69,0.00,74.69,0.00,0.00,0.00,0.00,36.31,0.00,0.00,53.79,2058.30,0.00,5.59,5.59,330.48,20100,PO,Polar Air Cargo Airways,PO,Polar Air Cargo Airways,16757,A,3,3,2024,3
4207.00,0.00,0.00,0.00,0.00,1948.51,4.77,41.38,1994.66,0.00,-1450.32,0.00,-1450.32,0.00,182.43,0.00,182.43,0.00,0.00,0.00,0.00,103.57,0.00,0.00,127.44,5176.81,0.00,12.05,12.05,842.38,20100,PO,Polar Air Cargo Airways,PO,Polar Air Cargo Airways,06758,D,3,3,2024,1
4544.33,430.17,0.97,217.14,648.27,0.00,0.00,2.21,2.21,35.71,0.00,200.29,235.99,0.00,0.00,0.00,0.00,0.00,0.00,3.76,3.76,361.89,0.00,12.15,0.00,5839.29,0.00,30.69,30.69,1294.97,20304,OO,SkyWest Airlines Inc.,OO,SkyWest Airlines Inc.,11025,L,3,3,2024,1
5597.71,0.00,0.00,0.00,0.00,0.00,0.00,-1.17,-1.17,0.00,337.55,0.00,337.55,0.00,0.00,0.00,0.00,0.00,0.00,0.45,0.45,1982.59,0.00,0.00,0.00,8026.97,0.00,109.85,109.85,2429.26,20447,U7,USA Jet Airlines Inc.,U7,USA Jet Airlines Inc.,16917,I,3,3,2024,3
6014.79,237.55,84.85,46.87,369.27,14.30,0.00,100.94,115.24,990.22,4.34,0.00,994.56,299.09,0.00,1.85,300.94,1.46,0.00,0.00,1.46,712.09,9.83,30.27,3.57,8610.44,0.00,58.43,58.43,2592.08,20422,SY,Sun Country Airlines d/b/a MN Airlines,SY,Sun Country Airlines d/b/a MN Airlines,16795,L,3,3,2024,3
6019.72,0.00,0.00,0.00,0.00,0.00,0.00,0.00,0.00,0.00,211.83,0.00,211.83,0.00,0.00,0.00,0.00,0.00,0.00,0.93,0.93,1815.58,0.00,0.00,0.00,8115.83,0.00,67.78,67.78,2096.11,20447,U7,USA Jet Airlines Inc.,U7,USA Jet Airlines Inc.,16917,I,3,3,2024,1
6454.96,598.30,0.71,331.05,930.07,0.00,0.00,1.89,1.89,42.39,0.00,237.70,280.10,0.00,0.00,0.00,0.00,0.00,0.00,6.42,6.42,601.29,0.00,21.03,0.00,8343.21,0.00,47.46,47.46,1888.25,20304,OO,SkyWest Airlines Inc.,OO,SkyWest Airlines Inc.,11025,L,3,3,2024,2
6841.64,0.00,0.00,0.00,0.00,0.00,0.00,-1.44,-1.44,0.00,412.56,0.00,412.56,0.00,0.00,0.00,0.00,0.00,0.00,0.55,0.55,2423.17,0.00,0.00,0.00,9810.74,0.00,134.26,134.26,2969.10,20447,U7,USA Jet Airlines Inc.,U7,USA Jet Airlines Inc.,06912,D,3,3,2024,3
7487.10,0.00,0.00,0.00,0.00,0.00,0.00,0.00,0.00,0.00,264.69,0.00,264.69,0.00,0.00,0.00,0.00,0.00,0.00,0.37,0.37,2401.04,0.00,0.00,0.00,10242.56,0.00,89.36,89.36,2755.46,20447,U7,USA Jet Airlines Inc.,U7,USA Jet Airlines Inc.,16917,I,3,3,2024,2
7603.21,686.37,1.60,400.20,1088.17,0.00,0.00,2.20,2.20,57.69,0.00,337.10,394.79,0.00,0.00,0.00,0.00,0.00,0.00,5.03,5.03,660.52,0.00,23.11,0.00,9824.23,0.00,47.21,47.21,2221.02,20304,OO,SkyWest Airlines Inc.,OO,SkyWest Airlines Inc.,11025,L,3,3,2024,3
7942.88,632.79,175.13,72.94,880.86,17.22,0.00,111.85,129.07,1871.54,5.22,0.00,1876.75,434.88,0.00,2.68,437.56,13.70,0.00,0.00,13.70,1131.73,13.95,40.34,3.78,12553.78,0.00,83.15,83.15,4607.12,20422,SY,Sun Country Airlines d/b/a MN Airlines,SY,Sun Country Airlines d/b/a MN Airlines,16795,L,3,3,2024,2
8367.08,737.98,0.00,0.00,737.98,64.31,51.46,0.00,115.77,1984.42,1587.37,186.04,3757.82,0.00,0.00,0.00,0.00,0.00,0.00,17.34,17.34,2007.41,0.00,0.00,0.26,15366.53,318.27,44.61,362.88,6999.19,20398,MQ,Envoy Air,MQ,Envoy Air,16820,L,3,3,2024,3
8849.92,768.26,0.00,0.00,768.26,61.90,63.12,0.00,125.01,1959.28,1580.83,172.48,3712.58,0.00,0.00,0.00,0.00,0.00,0.00,18.56,18.56,1980.79,0.00,0.00,0.37,15804.98,307.79,41.68,349.47,6954.68,20398,MQ,Envoy Air,MQ,Envoy Air,16820,L,3,3,2024,2
9529.04,0.00,0.00,0.00,0.00,0.00,0.00,0.00,0.00,0.00,336.88,0.00,336.88,0.00,0.00,0.00,0.00,0.00,0.00,0.47,0.47,3055.87,0.00,0.00,0.00,13035.99,0.00,113.73,113.73,3506.95,20447,U7,USA Jet Airlines Inc.,U7,USA Jet Airlines Inc.,06912,D,3,3,2024,2
9830.45,,,,,,281.61,5.25,286.86,,17.22,,17.22,,205.18,,205.18,,57.48,,57.48,372.26,72.84,,900.20,11779.20,28.66,8.05,36.70,1048.55,20370,KAQ,Kalitta Air LLC,KAQ,Kalitta Air LLC,06683,D,3,3,2024,3
10263.68,838.18,0.00,0.00,838.18,64.21,61.98,0.00,126.19,2332.99,1819.43,220.57,4372.99,0.00,0.00,0.01,0.01,0.00,0.00,25.05,25.05,2406.30,0.00,0.00,0.50,18452.42,369.22,50.31,419.53,8188.24,20398,MQ,Envoy Air,MQ,Envoy Air,16820,L,3,3,2024,1
12221.85,0.00,0.00,0.00,0.00,0.00,0.00,0.00,0.00,0.00,430.07,0.00,430.07,0.00,0.00,0.00,0.00,0.00,0.00,1.90,1.90,3686.17,0.00,0.00,0.00,16477.60,0.00,137.61,137.61,4255.75,20447,U7,USA Jet Airlines Inc.,U7,USA Jet Airlines Inc.,06912,D,3,3,2024,1
12380.65,,,,,,265.39,9.00,274.39,,32.32,,32.32,,243.90,,243.90,,59.01,,59.01,272.49,69.27,,956.77,14331.31,33.30,9.22,42.52,993.90,20370,KAQ,Kalitta Air LLC,KAQ,Kalitta Air LLC,06683,D,3,3,2024,2
15000.38,,,,,,411.43,84.94,496.37,,292.22,,292.22,,450.00,,450.00,,96.25,,96.25,284.88,110.50,,1408.81,18200.26,45.40,15.45,60.85,1791.08,20370,KAQ,Kalitta Air LLC,KAQ,Kalitta Air LLC,06683,D,3,3,2024,1
22039.77,0.00,0.00,0.00,0.00,4397.18,26.04,251.69,4674.90,0.00,-1791.29,0.00,-1791.29,0.00,1026.46,0.00,1026.46,0.00,0.00,0.00,0.00,569.82,0.00,0.00,705.17,27310.53,0.00,85.70,85.70,4565.59,20100,PO,Polar Air Cargo Airways,PO,Polar Air Cargo Airways,06758,D,3,3,2024,2
26314.59,0.00,0.00,0.00,0.00,3994.48,29.86,258.79,4283.13,0.00,-878.59,0.00,-878.59,0.00,1141.00,0.00,1141.00,0.00,0.00,0.00,0.00,647.75,0.00,0.00,797.08,32380.35,0.00,75.37,75.37,5268.68,20100,PO,Polar Air Cargo Airways,PO,Polar Air Cargo Airways,16757,A,3,3,2024,1
29251.31,0.00,0.00,0.00,0.00,5216.58,35.18,385.13,5636.89,0.00,-1899.35,0.00,-1899.35,0.00,1305.02,0.00,1305.02,0.00,0.00,0.00,0.00,634.43,0.00,0.00,939.84,35965.82,0.00,97.68,97.68,5774.67,20100,PO,Polar Air Cargo Airways,PO,Polar Air Cargo Airways,06758,D,3,3,2024,3
32441.61,2138.49,0.95,23.94,2163.38,85.08,785.98,1565.90,2436.96,7243.21,113.20,-5.06,7351.35,384.90,0.00,0.00,384.90,2013.41,0.00,0.00,2013.41,-2289.89,7.20,1.47,0.00,44581.21,0.00,70.82,70.82,12139.60,20436,F9,Frontier Airlines Inc.,F9,Frontier Airlines Inc.,16461,L,3,3,2024,3
32907.65,2315.81,660.20,504.24,3480.25,118.06,0.00,414.91,532.97,3988.45,27.82,0.00,4016.26,2501.24,0.00,13.73,2514.98,73.16,0.00,0.00,73.16,5742.84,66.21,192.25,63.78,49951.30,0.00,360.95,360.95,16979.87,20422,SY,Sun Country Airlines d/b/a MN Airlines,SY,Sun Country Airlines d/b/a MN Airlines,16795,L,3,3,2024,1
33654.76,5306.64,4093.10,2219.55,11619.30,500.51,876.06,3005.82,4382.39,14212.58,0.00,0.00,14212.58,3582.62,0.00,0.00,3582.62,906.05,0.00,0.00,906.05,5244.81,50.49,729.86,19.00,74953.36,0.89,550.63,551.52,41279.60,20409,B6,JetBlue Airways,B6,JetBlue Airways,10875,A,3,3,2024,3
37647.25,6188.79,2583.99,1975.62,10748.41,791.37,1306.51,2543.84,4641.72,12792.11,0.00,0.00,12792.11,3932.56,0.00,0.00,3932.56,1218.52,0.00,0.00,1218.52,4465.19,55.30,752.11,24.49,76902.88,0.97,624.25,625.22,39231.14,20409,B6,JetBlue Airways,B6,JetBlue Airways,10875,A,3,3,2024,1
44644.82,0.00,0.00,0.00,0.00,1719.55,2128.36,1939.09,5787.00,0.00,211.69,1032.77,1244.46,0.00,18.03,43.34,61.36,0.00,0.68,0.00,0.68,2863.19,0.00,0.00,0.00,55560.46,407.26,551.69,958.95,10915.64,19917,5X,United Parcel Service,5X,United Parcel Service,16912,L,3,3,2024,3
50101.94,8837.65,3964.30,3125.00,15926.95,684.21,1219.82,4379.88,6283.91,17982.29,0.00,0.00,17982.29,6268.00,0.00,0.00,6268.00,1323.17,0.00,0.00,1323.17,7630.03,78.37,1124.60,55.92,107633.01,0.19,857.65,857.84,57475.16,20409,B6,JetBlue Airways,B6,JetBlue Airways,10875,A,3,3,2024,2
52028.00,6617.00,2552.00,553.00,9722.00,7.00,994.00,2166.00,3168.00,8018.00,728.00,6416.00,15163.00,1699.00,11.00,2966.00,4677.00,603.00,19.00,468.00,1090.00,9742.00,21.00,0.00,0.00,97160.00,274.00,1275.00,1549.00,45132.00,19930,AS,Alaska Airlines Inc.,AS,Alaska Airlines Inc.,16031,L,3,3,2024,3
53414.86,3961.42,2.26,35.76,3999.43,145.22,1382.07,2559.34,4086.63,11610.73,144.00,202.45,11957.18,596.43,0.00,0.00,596.43,3042.88,0.00,0.00,3042.88,-1204.62,12.04,3.36,0.00,76101.56,0.00,193.36,193.36,22686.70,20436,F9,Frontier Airlines Inc.,F9,Frontier Airlines Inc.,16461,L,3,3,2024,2
54768.85,4157.25,-0.49,74.59,4231.35,169.61,1414.81,2494.74,4079.16,9837.16,170.10,74.84,10082.09,501.19,0.00,0.00,501.19,2798.37,0.00,0.00,2798.37,-866.22,16.86,5.57,0.00,75756.86,0.00,139.65,139.65,20988.01,20436,F9,Frontier Airlines Inc.,F9,Frontier Airlines Inc.,16461,L,3,3,2024,1
57652.67,0.00,0.00,0.00,0.00,1963.11,2382.77,2116.67,6462.55,0.00,400.11,1204.64,1604.74,0.00,20.76,54.11,74.87,0.00,0.10,0.00,0.10,4029.79,0.00,0.00,0.00,70918.58,439.13,654.74,1093.87,13265.91,19917,5X,United Parcel Service,5X,United Parcel Service,16912,L,3,3,2024,2
59522.78,0.00,0.00,0.00,0.00,2011.65,2870.42,2298.58,7180.65,0.00,381.65,1181.35,1563.00,0.00,18.76,54.08,72.85,0.00,0.97,0.00,0.97,4749.58,0.00,0.00,0.00,74010.86,351.53,569.51,921.04,14488.08,19917,5X,United Parcel Service,5X,United Parcel Service,16912,L,3,3,2024,1
71555.00,,,,,7711.00,5647.00,1470.00,14828.00,,62806.00,,62806.00,,10736.00,,10736.00,,4858.00,,4858.00,40465.00,1878.00,0.00,197611.00,416241.00,3907.00,7597.00,11504.00,147075.00,20107,FX,Federal Express Corporation,FX,Federal Express Corporation,16195,L,3,3,2024,1
76243.00,,,,,7134.00,5514.00,1490.00,14138.00,,46747.00,,46747.00,,6515.00,,6515.00,,4809.00,,4809.00,39088.00,1929.00,0.00,194712.00,396204.00,5020.00,7003.00,12023.00,125249.00,20107,FX,Federal Express Corporation,FX,Federal Express Corporation,16195,L,3,3,2024,2
76671.00,,,,,7408.00,6021.00,1265.00,14694.00,,35012.00,,35012.00,,5487.00,,5487.00,,3409.00,,3409.00,25189.00,2202.00,0.00,191957.00,369714.00,4654.00,10439.00,15093.00,101086.00,20107,FX,Federal Express Corporation,FX,Federal Express Corporation,16195,L,3,3,2024,3
76805.00,9410.00,3886.00,859.00,14154.00,10.00,1662.00,2954.00,4625.00,11028.00,1032.00,7664.00,19724.00,2723.00,17.00,4462.00,7203.00,897.00,10.00,676.00,1584.00,19656.00,36.00,0.00,0.00,146149.00,555.00,1808.00,2362.00,69344.00,19930,AS,Alaska Airlines Inc.,AS,Alaska Airlines Inc.,16031,L,3,3,2024,2
87364.71,8110.15,132.68,0.00,8242.83,0.00,0.00,3935.24,3935.24,0.00,1556.75,7059.30,8616.06,3599.28,0.00,375.48,3974.75,0.00,0.00,1259.81,1259.81,25120.44,359.12,0.00,0.00,140393.06,0.00,1520.10,1520.10,53028.35,20416,NK,Spirit Air Lines,NK,Spirit Air Lines,16831,L,3,3,2024,3
91580.02,7924.90,3904.44,1669.47,13498.81,6550.49,1355.34,2559.32,10465.15,2245.41,924.83,4389.87,7560.11,673.49,346.07,6215.42,7234.97,402.91,1.64,3204.68,3609.23,15271.35,104.73,10.24,302.14,152518.44,1219.33,1662.37,2881.70,60636.28,19690,HA,Hawaiian Airlines Inc.,HA,Hawaiian Airlines Inc.,15375,P,3,3,2024,2
92727.04,9067.21,5450.00,3817.92,18335.12,7707.79,1719.38,3162.28,12589.45,2754.98,1208.67,6594.13,10557.78,944.40,459.03,8017.62,9421.04,347.61,0.75,3200.62,3548.98,33613.34,143.49,8.74,365.14,184869.36,1518.75,2040.49,3559.24,91777.18,19690,HA,Hawaiian Airlines Inc.,HA,Hawaiian Airlines Inc.,15375,P,3,3,2024,3
98144.00,14878.00,522.00,288.00,15688.00,17840.00,644.00,5150.00,23634.00,10514.00,421.00,688.00,11623.00,6286.00,85.00,133.00,6504.00,3612.00,13.00,0.00,3625.00,18942.00,25.00,114.00,941.00,184036.00,1602.00,3194.00,4796.00,84951.00,19393,WN,Southwest Airlines Co.,WN,Southwest Airlines Co.,11033,L,3,3,2024,3
101837.05,9187.66,88.70,0.00,9276.36,0.00,0.00,4444.12,4444.12,0.00,1758.36,7212.70,8971.06,4332.70,0.00,409.65,4742.35,0.00,0.00,263.28,263.28,24410.14,423.88,0.00,0.00,156240.73,0.00,1872.48,1872.48,54403.68,20416,NK,Spirit Air Lines,NK,Spirit Air Lines,16831,L,3,3,2024,2
109876.71,12135.21,5359.37,4342.82,21837.40,8932.86,1840.76,3857.34,14630.96,4021.21,2037.02,10681.46,16739.69,1087.72,480.22,7357.03,8924.97,424.11,0.72,3457.01,3881.84,23291.15,128.26,134.33,1023.72,204962.67,2219.44,2274.19,4493.63,94062.24,19690,HA,Hawaiian Airlines Inc.,HA,Hawaiian Airlines Inc.,15375,P,3,3,2024,1
120126.00,16429.00,530.00,285.00,17244.00,20967.00,893.00,5560.00,27420.00,12467.00,494.00,961.00,13922.00,7321.00,107.00,120.00,7548.00,5977.00,11.00,0.00,5988.00,19377.00,33.00,117.00,1106.00,218256.00,1822.00,3553.00,5375.00,97024.00,19393,WN,Southwest Airlines Co.,WN,Southwest Airlines Co.,11033,L,3,3,2024,1
122318.00,16594.00,631.00,342.00,17567.00,21010.00,802.00,6142.00,27954.00,12761.00,496.00,853.00,14110.00,7971.00,107.00,157.00,8235.00,4416.00,19.00,0.00,4435.00,21822.00,30.00,115.00,1168.00,223134.00,1929.00,3451.00,5380.00,99648.00,19393,WN,Southwest Airlines Co.,WN,Southwest Airlines Co.,11033,L,3,3,2024,2
124939.18,0.00,0.00,0.00,0.00,24060.08,150.27,1645.00,25855.35,0.00,-9891.43,0.00,-9891.43,0.00,5574.04,0.00,5574.04,0.00,0.00,0.00,0.00,2709.80,0.00,0.00,4014.29,153618.45,0.00,417.22,417.22,24664.98,20100,PO,Polar Air Cargo Airways,PO,Polar Air Cargo Airways,16758,P,3,3,2024,3
126592.80,11592.43,115.33,0.00,11707.76,0.00,0.00,5036.56,5036.56,0.00,2121.31,8777.84,10899.16,5320.74,0.00,522.29,5843.03,0.00,0.00,255.77,255.77,36200.77,511.00,0.00,0.00,198837.97,0.00,1791.13,1791.13,72245.17,20416,NK,Spirit Air Lines,NK,Spirit Air Lines,16831,L,3,3,2024,1
129554.73,6247.39,2269.52,1189.27,9706.18,2419.85,0.00,4626.42,7046.27,24713.82,83.04,0.00,24796.86,9889.44,0.00,52.33,9941.78,307.41,0.00,0.00,307.41,22322.85,190.94,807.75,253.24,206354.41,0.00,1426.42,1426.42,76546.44,20422,SY,Sun Country Airlines d/b/a MN Airlines,SY,Sun Country Airlines d/b/a MN Airlines,06795,D,3,3,2024,1
132722.83,0.00,0.00,0.00,0.00,26098.11,156.76,1515.39,27770.25,0.00,-10408.18,0.00,-10408.18,0.00,6180.26,0.00,6180.26,0.00,0.00,0.00,0.00,3430.87,0.00,0.00,4245.80,164457.82,0.00,515.99,515.99,27489.19,20100,PO,Polar Air Cargo Airways,PO,Polar Air Cargo Airways,16758,P,3,3,2024,2
133500.65,0.00,0.00,0.00,0.00,26525.19,151.47,1312.98,27989.65,0.00,-10716.81,0.00,-10716.81,0.00,5788.84,0.00,5788.84,0.00,0.00,0.00,0.00,3286.34,0.00,0.00,4043.97,164275.03,0.00,382.40,382.40,26730.41,20100,PO,Polar Air Cargo Airways,PO,Polar Air Cargo Airways,16758,P,3,3,2024,1
138124.79,7292.64,3113.13,1549.24,11955.01,2213.48,0.00,5944.15,8157.63,31597.95,131.01,0.00,31728.95,9715.77,0.00,62.41,9778.18,46.72,0.00,0.00,46.72,25419.16,247.32,969.73,113.96,228477.66,0.00,1936.20,1936.20,90238.91,20422,SY,Sun Country Airlines d/b/a MN Airlines,SY,Sun Country Airlines d/b/a MN Airlines,06795,D,3,3,2024,3
141737.37,7350.16,3408.37,1544.25,12302.78,2225.91,0.00,5598.57,7824.48,28630.70,105.48,0.00,28736.18,10012.84,0.00,60.44,10073.28,325.80,0.00,0.00,325.80,25254.39,243.20,959.66,89.61,229461.88,0.00,1915.14,1915.14,87634.90,20422,SY,Sun Country Airlines d/b/a MN Airlines,SY,Sun Country Airlines d/b/a MN Airlines,06795,D,3,3,2024,2
142817.00,16938.00,6420.00,1507.00,24865.00,26.00,2721.00,4556.00,7303.00,20611.00,2013.00,15255.00,37879.00,4692.00,34.00,9300.00,14025.00,1875.00,51.00,1264.00,3190.00,23074.00,68.00,0.00,0.00,257491.00,945.00,3325.00,4270.00,114674.00,19930,AS,Alaska Airlines Inc.,AS,Alaska Airlines Inc.,16031,L,3,3,2024,1
193594.50,18114.65,5136.13,7777.72,31028.50,1624.67,2843.70,8508.59,12976.95,51575.19,0.00,0.00,51575.19,12229.55,0.00,0.00,12229.55,3092.86,0.00,0.00,3092.86,17993.79,172.37,2491.43,64.85,327334.91,3.03,2111.89,2114.92,133675.56,20409,B6,JetBlue Airways,B6,JetBlue Airways,16673,L,3,3,2024,3
208510.49,20244.95,10364.03,1524.14,32133.13,5346.77,3829.01,9139.94,18315.72,8226.43,16023.71,3507.72,27757.86,4378.30,0.00,11926.25,16304.55,0.00,0.00,958.82,958.82,47922.46,0.00,62.68,1238.27,358105.52,1493.68,3407.87,4901.55,148356.76,19805,AA,American Airlines Inc.,AA,American Airlines Inc.,10052,P,3,3,2024,2
217529.49,0.00,0.00,0.00,0.00,6519.00,8068.84,7351.29,21939.12,0.00,802.52,3915.34,4717.86,0.00,68.34,164.30,232.64,0.00,2.56,0.00,2.56,10854.66,0.00,0.00,0.00,258911.82,1543.97,2091.52,3635.49,41382.33,19917,5X,United Parcel Service,5X,United Parcel Service,16911,A,3,3,2024,3
234180.89,22651.99,12010.44,2203.92,36866.35,6057.21,4425.74,9900.67,20383.63,9557.89,19256.71,4034.04,32848.64,5548.64,0.00,13139.36,18688.01,0.00,0.00,1320.02,1320.02,78505.62,0.00,70.98,1353.56,429889.03,1797.61,3873.73,5671.34,194354.58,19805,AA,American Airlines Inc.,AA,American Airlines Inc.,10052,P,3,3,2024,3
235004.91,0.00,0.00,0.00,0.00,6301.35,7648.40,6794.25,20744.00,0.00,1284.29,3866.73,5151.03,0.00,66.63,173.69,240.32,0.00,0.31,0.00,0.31,12935.13,0.00,0.00,0.00,277586.88,1409.54,2101.64,3511.18,42581.97,19917,5X,United Parcel Service,5X,United Parcel Service,16911,A,3,3,2024,2
237601.07,6329.55,219.43,0.00,6548.97,125597.43,3415.37,8611.92,137624.72,0.00,-95146.41,0.00,-95146.41,0.00,3409.39,0.00,3409.39,0.00,0.00,0.00,0.00,21651.96,0.00,5500.24,85.11,319076.32,0.00,1801.27,1801.27,81390.15,20007,5Y,Atlas Air Inc.,5Y,Atlas Air Inc.,06087,D,3,3,2024,1
237662.74,29361.87,0.00,443.19,29805.06,184.09,5992.10,0.00,6176.20,0.00,0.00,6.73,6.73,0.00,0.00,0.00,0.00,0.00,0.00,0.00,0.00,38443.45,1743.41,0.00,0.00,317126.54,0.00,3288.95,3288.95,79463.80,20452,YX,Republic Airline,YX,Republic Airline,06003,D,3,3,2024,2
241555.36,0.00,0.00,0.00,0.00,6565.13,9367.77,7501.53,23434.43,0.00,1245.53,3855.40,5100.93,0.00,61.24,176.50,237.74,0.00,3.17,0.00,3.17,15500.49,0.00,0.00,0.00,288837.98,1147.24,1858.63,3005.87,47282.63,19917,5X,United Parcel Service,5X,United Parcel Service,16911,A,3,3,2024,1
241585.95,28956.45,0.00,408.88,29365.32,195.71,5888.31,0.00,6084.01,0.00,0.00,5.36,5.36,0.00,0.00,0.00,0.00,0.00,0.00,0.00,0.00,26771.40,1738.51,0.00,0.00,308775.14,0.00,3224.60,3224.60,67189.20,20452,YX,Republic Airline,YX,Republic Airline,06003,D,3,3,2024,1
243036.01,5933.09,193.80,0.00,6126.89,34981.78,2782.48,8919.95,46684.21,0.00,-7210.80,0.00,-7210.80,0.00,2415.40,0.00,2415.40,0.00,0.00,0.00,0.00,35552.81,0.00,7784.32,122.10,335574.37,0.00,1063.43,1063.43,92416.26,20007,5Y,Atlas Air Inc.,5Y,Atlas Air Inc.,06087,D,3,3,2024,3
243593.69,6412.69,202.54,0.00,6615.23,111391.05,3001.54,8354.41,122747.00,0.00,-82627.15,0.00,-82627.15,0.00,3519.03,0.00,3519.03,0.00,0.00,0.00,0.00,24980.27,0.00,6539.74,118.37,326541.04,0.00,1054.85,1054.85,82828.98,20007,5Y,Atlas Air Inc.,5Y,Atlas Air Inc.,06087,D,3,3,2024,2
252426.37,31964.08,0.00,416.54,32380.62,185.79,6510.60,0.00,6696.38,8.03,0.00,11.13,19.15,0.00,0.00,0.00,0.00,0.00,0.00,0.00,0.00,41145.72,1743.36,0.00,0.00,338014.03,0.00,3602.43,3602.43,85587.67,20452,YX,Republic Airline,YX,Republic Airline,06003,D,3,3,2024,3
253390.18,22349.24,0.00,0.00,22349.24,1947.59,1558.30,0.00,3505.88,60096.46,48072.06,5633.91,113802.43,0.00,0.00,0.00,0.00,0.00,0.00,525.22,525.22,60792.63,0.00,0.00,7.86,465362.90,9638.61,1350.85,10989.46,211964.86,20398,MQ,Envoy Air,MQ,Envoy Air,06820,D,3,3,2024,3
264061.50,24642.71,11906.90,1623.83,38173.45,6852.56,4643.62,10281.26,21777.44,10313.42,20749.75,4506.31,35569.49,5094.42,0.00,13977.67,19072.09,0.00,0.00,1205.76,1205.76,66487.49,0.00,86.02,1241.20,454469.58,2390.79,4404.38,6795.17,189166.88,19805,AA,American Airlines Inc.,AA,American Airlines Inc.,10052,P,3,3,2024,1
266646.25,23147.63,0.00,0.00,23147.63,1864.95,1901.70,0.00,3766.65,59032.65,47629.98,5196.74,111859.37,0.00,0.00,0.00,0.00,0.00,0.00,559.13,559.13,59680.80,0.00,0.00,11.19,476200.54,9273.71,1255.82,10529.52,209543.10,20398,MQ,Envoy Air,MQ,Envoy Air,06820,D,3,3,2024,2
267464.85,21842.37,0.00,0.00,21842.37,1673.36,1615.02,0.00,3288.38,60796.22,47413.15,5747.84,113957.21,0.00,0.00,0.37,0.37,0.00,0.00,652.79,652.79,62706.56,0.00,0.00,13.07,480858.17,9621.60,1310.96,10932.56,213380.24,20398,MQ,Envoy Air,MQ,Envoy Air,06820,D,3,3,2024,1
296717.03,,,,,,9384.53,4162.22,13546.75,,14318.93,,14318.93,,10264.31,,10264.31,,2195.48,,2195.48,6497.96,2520.40,,60018.38,413849.82,7418.14,352.44,7770.59,57114.42,20370,KAQ,Kalitta Air LLC,KAQ,Kalitta Air LLC,16683,I,3,3,2024,1
316599.00,36586.00,20901.00,7192.00,64679.00,35202.00,12121.00,13712.00,61035.00,40660.00,2782.00,0.00,43442.00,39326.00,1670.00,0.00,40996.00,12564.00,16.00,0.00,12580.00,75417.00,81.00,3434.00,17914.00,643340.00,3866.00,3297.00,7163.00,308827.00,19790,DL,Delta Air Lines Inc.,DL,Delta Air Lines Inc.,10262,P,3,3,2024,2
318813.40,,,,,,9941.80,4492.08,14433.88,,16127.81,,16127.81,,9136.89,,9136.89,,2210.77,,2210.77,10207.69,2594.80,,62602.99,442279.93,5806.27,345.44,6151.71,60863.55,20370,KAQ,Kalitta Air LLC,KAQ,Kalitta Air LLC,16683,I,3,3,2024,2
332762.44,0.00,0.00,0.00,0.00,8279.09,11813.43,9459.96,29552.48,0.00,1570.71,4861.93,6432.64,0.00,77.22,222.58,299.80,0.00,4.00,0.00,4.00,19547.22,0.00,0.00,0.00,392389.19,1446.75,2343.87,3790.61,59626.75,19917,5X,United Parcel Service,5X,United Parcel Service,16913,P,3,3,2024,1
333477.59,,,,,,10982.80,5245.81,16228.61,,17204.05,,17204.05,,8002.18,,8002.18,,2241.82,,2241.82,14518.04,2840.75,,64191.72,464452.00,5433.41,313.84,5747.25,66782.70,20370,KAQ,Kalitta Air LLC,KAQ,Kalitta Air LLC,16683,I,3,3,2024,3
340654.00,41628.00,22037.00,12537.00,76202.00,39896.00,13221.00,14757.00,67874.00,45997.00,3289.00,0.00,49286.00,39500.00,1676.00,0.00,41176.00,15015.00,3.00,0.00,15018.00,67376.00,88.00,3266.00,16248.00,686046.00,4137.00,4721.00,8858.00,329144.00,19790,DL,Delta Air Lines Inc.,DL,Delta Air Lines Inc.,10262,P,3,3,2024,3
342398.61,31239.57,13796.59,11179.68,56215.84,22995.79,4738.67,9929.92,37664.38,10351.76,5243.90,27497.21,43092.86,2800.10,1236.24,18939.14,22975.48,1091.78,1.86,8899.35,9992.99,59958.23,330.18,345.81,2635.36,587177.61,5713.46,5854.43,11567.89,242143.65,19690,HA,Hawaiian Airlines Inc.,HA,Hawaiian Airlines Inc.,05375,D,3,3,2024,1
350157.00,36205.00,20303.00,7224.00,63732.00,38831.00,12671.00,12721.00,64223.00,46905.00,2972.00,0.00,49877.00,37426.00,1550.00,0.00,38976.00,12264.00,8.00,0.00,12272.00,53574.00,94.00,3996.00,20163.00,666903.00,5585.00,4254.00,9839.00,296583.00,19790,DL,Delta Air Lines Inc.,DL,Delta Air Lines Inc.,10262,P,3,3,2024,1
351403.98,35013.29,17954.88,12616.41,65584.58,26619.09,5621.65,13335.13,45575.87,12916.13,6398.63,36354.25,55669.00,3087.62,1500.82,23908.15,28496.58,1006.41,2.45,5622.18,6631.05,109862.04,479.19,28.58,1193.84,678257.16,6599.56,6732.91,13332.47,325659.34,19690,HA,Hawaiian Airlines Inc.,HA,Hawaiian Airlines Inc.,05375,D,3,3,2024,3
352017.00,,,,,51000.00,42522.00,7761.00,101283.00,,181846.00,,181846.00,,16158.00,,16158.00,,8913.00,,8913.00,117006.00,9174.00,0.00,1891784.00,2753678.00,19054.00,56443.00,75497.00,509877.00,20107,FX,Federal Express Corporation,FX,Federal Express Corporation,16196,A,3,3,2024,3
352522.30,36193.73,16557.82,14143.59,66895.14,25837.61,5720.68,11913.52,43471.82,12795.06,6272.65,35038.00,54105.72,2842.69,1460.70,23562.12,27865.50,1487.02,6.94,5139.30,6633.26,65931.19,457.72,43.20,1275.26,633204.10,6925.01,7077.98,14002.99,279406.53,19690,HA,Hawaiian Airlines Inc.,HA,Hawaiian Airlines Inc.,05375,D,3,3,2024,2
355906.00,,,,,46279.00,39771.00,5754.00,91804.00,,137096.00,,137096.00,,15690.00,,15690.00,,13169.00,,13169.00,160382.00,8581.00,0.00,1879046.00,2699149.00,18989.00,18486.00,37475.00,464197.00,20107,FX,Federal Express Corporation,FX,Federal Express Corporation,16196,A,3,3,2024,2
358504.45,0.00,0.00,0.00,0.00,9721.77,12033.05,10962.97,32717.78,0.00,1196.80,5838.94,7035.73,0.00,101.92,245.01,346.93,0.00,3.82,0.00,3.82,16187.54,0.00,0.00,0.00,420217.85,2302.52,3119.08,5421.60,61713.40,19917,5X,United Parcel Service,5X,United Parcel Service,16913,P,3,3,2024,3
359992.74,35301.02,9285.36,12319.31,56905.69,2611.55,4655.91,13707.22,20974.68,70104.84,0.00,0.00,70104.84,25036.83,0.00,0.00,25036.83,5285.25,0.00,0.00,5285.25,30635.04,313.03,4492.10,223.36,577831.27,0.76,3866.96,3867.72,217615.18,20409,B6,JetBlue Airways,B6,JetBlue Airways,16673,L,3,3,2024,2
361815.36,27827.08,2361.83,1688.69,31877.60,0.00,0.00,21265.58,21265.58,10040.64,21944.41,31459.79,63444.85,3386.56,0.00,0.00,3386.56,22721.48,0.00,0.00,22721.48,43183.62,2216.48,4397.43,0.00,555779.60,0.00,1470.65,1470.65,193964.24,20368,G4,Allegiant Air,G4,Allegiant Air,06035,D,3,3,2024,3
361966.00,,,,,17462.00,23973.00,6927.00,48362.00,,161276.00,,161276.00,,17132.00,,17132.00,,9946.00,,9946.00,147306.00,8375.00,0.00,1741477.00,2535682.00,21308.00,18534.00,39842.00,432239.00,20107,FX,Federal Express Corporation,FX,Federal Express Corporation,16196,A,3,3,2024,1
365146.17,35589.74,8340.61,13289.54,57219.88,4304.17,7105.91,12247.31,23657.39,69527.55,0.00,0.00,69527.55,22614.88,0.00,0.00,22614.88,7008.39,0.00,0.00,7008.39,25874.00,317.99,4325.14,140.84,579885.81,5.57,4048.02,4053.58,214598.80,20409,B6,JetBlue Airways,B6,JetBlue Airways,16673,L,3,3,2024,1
369652.79,0.00,0.00,0.00,0.00,9052.55,10987.73,9760.66,29800.93,0.00,1845.02,5554.97,7399.99,0.00,95.72,249.53,345.24,0.00,0.44,0.00,0.44,18582.67,0.00,0.00,0.00,430826.24,2024.96,3019.22,5044.18,61173.45,19917,5X,United Parcel Service,5X,United Parcel Service,16913,P,3,3,2024,2
383727.00,44962.00,23802.00,13542.00,82306.00,43091.00,14280.00,15939.00,73310.00,49682.00,3553.00,0.00,53235.00,42663.00,1810.00,0.00,44473.00,16217.00,4.00,0.00,16221.00,72772.00,139.00,5117.00,27700.00,771753.00,5357.00,7396.00,12753.00,360326.00,19790,DL,Delta Air Lines Inc.,DL,Delta Air Lines Inc.,10260,L,3,3,2024,3
390132.12,28499.45,3054.30,1309.35,32863.10,0.00,0.00,24170.65,24170.65,5819.83,22545.16,31170.94,59535.93,3386.28,0.00,0.00,3386.28,25230.11,0.00,0.13,25230.25,58947.79,2170.76,4126.71,0.00,602103.72,0.00,1540.13,1540.13,211971.60,20368,G4,Allegiant Air,G4,Allegiant Air,06035,D,3,3,2024,2
398368.20,25678.67,2972.85,1290.23,29941.75,0.00,0.00,19465.74,19465.74,5769.22,19999.78,35468.17,61237.16,3275.82,0.00,0.00,3275.82,28185.38,0.00,0.00,28185.38,60263.50,2207.00,3595.08,0.00,607879.95,0.00,1340.31,1340.31,209511.74,20368,G4,Allegiant Air,G4,Allegiant Air,06035,D,3,3,2024,1
466776.00,47719.00,27261.00,9381.00,84361.00,45915.00,15810.00,17885.00,79610.00,53033.00,3629.00,0.00,56662.00,51293.00,2178.00,0.00,53471.00,16388.00,21.00,0.00,16409.00,98368.00,164.00,6952.00,48845.00,924539.00,6247.00,6674.00,12921.00,408918.00,19790,DL,Delta Air Lines Inc.,DL,Delta Air Lines Inc.,10260,L,3,3,2024,2
486678.15,39983.76,99.44,20891.05,60974.25,0.00,0.00,2212.27,2212.27,5265.84,0.00,27334.02,32599.85,0.00,0.00,0.00,0.00,0.00,0.00,570.02,570.02,39417.63,0.00,916.75,0.00,626886.72,0.00,3517.79,3517.79,140208.56,20304,OO,SkyWest Airlines Inc.,OO,SkyWest Airlines Inc.,06700,D,3,3,2024,1
524552.69,38821.83,48.23,22148.92,61018.97,0.00,0.00,2771.73,2771.73,4915.54,0.00,23323.24,28238.78,0.00,0.00,0.00,0.00,0.00,0.00,575.24,575.24,40727.96,0.00,904.40,0.00,662214.79,0.00,3425.03,3425.03,137662.10,20304,OO,SkyWest Airlines Inc.,OO,SkyWest Airlines Inc.,06700,D,3,3,2024,2
524738.00,,,,,37966.00,31875.00,15320.00,85161.00,,118318.00,,118318.00,,22699.00,,22699.00,,7353.00,,7353.00,184487.00,14922.00,0.00,615044.00,1612755.00,30719.00,9314.00,40033.00,472973.00,20107,FX,Federal Express Corporation,FX,Federal Express Corporation,16197,P,3,3,2024,1
537544.00,,,,,52318.00,39864.00,16121.00,108303.00,,113933.00,,113933.00,,15474.00,,15474.00,,4509.00,,4509.00,133653.00,17559.00,0.00,673228.00,1673427.00,32645.00,36579.00,69224.00,462655.00,20107,FX,Federal Express Corporation,FX,Federal Express Corporation,16197,P,3,3,2024,3
546771.00,,,,,39408.00,31758.00,15324.00,86490.00,,120982.00,,120982.00,,19569.00,,19569.00,,6642.00,,6642.00,201290.00,16277.00,0.00,639757.00,1676595.00,30174.00,8643.00,38817.00,490067.00,20107,FX,Federal Express Corporation,FX,Federal Express Corporation,16197,P,3,3,2024,2
547273.96,40148.95,105.82,24093.04,64347.81,0.00,0.00,2801.48,2801.48,6096.47,0.00,27971.55,34068.01,0.00,0.00,0.00,0.00,0.00,0.00,493.39,493.39,43373.37,0.00,892.19,0.00,696562.30,0.00,3312.09,3312.09,149288.34,20304,OO,SkyWest Airlines Inc.,OO,SkyWest Airlines Inc.,06700,D,3,3,2024,3
560402.59,11189.66,387.91,0.00,11577.57,209079.89,6029.53,15224.54,230333.96,0.00,-155238.88,0.00,-155238.88,0.00,6027.28,0.00,6027.28,0.00,0.00,0.00,0.00,37845.50,0.00,9036.11,150.46,703093.82,0.00,2959.24,2959.24,142540.77,20007,5Y,Atlas Air Inc.,5Y,Atlas Air Inc.,16087,I,3,3,2024,1
591167.44,52300.52,28488.75,14040.57,94829.85,25644.90,35110.81,29355.68,90111.39,53275.92,73948.32,,127224.24,17616.28,253.51,44359.02,62228.81,5378.73,,,5378.73,92898.32,,2684.51,57975.57,1145045.27,6310.33,14236.10,20546.43,495902.27,19977,UA,United Air Lines Inc.,UA,United Air Lines Inc.,10876,L,3,3,2024,3
604588.27,50178.21,-6.51,1357.29,51528.99,1426.24,3188.84,21368.47,25983.56,100964.53,2060.36,658.36,103683.26,5364.32,0.00,0.00,5364.32,33875.88,0.00,0.00,33875.88,-7516.65,246.85,101.29,0.00,819908.35,0.00,2052.61,2052.61,215320.08,20436,F9,Frontier Airlines Inc.,F9,Frontier Airlines Inc.,06460,D,3,3,2024,1
613944.62,12962.13,423.41,0.00,13385.53,76729.87,6070.67,19487.58,102288.12,0.00,-16049.84,0.00,-16049.84,0.00,5276.97,0.00,5276.97,0.00,0.00,0.00,0.00,50523.74,0.00,15860.22,266.75,787662.78,0.00,2166.68,2166.68,173451.41,20007,5Y,Atlas Air Inc.,5Y,Atlas Air Inc.,16087,I,3,3,2024,3
619730.93,53803.96,31.81,1099.90,54935.67,1367.01,3322.53,27973.31,32662.85,119226.32,1917.28,502.77,121646.37,7174.39,0.00,0.00,7174.39,39828.03,0.00,0.00,39828.03,-8756.39,258.59,103.49,0.00,871028.92,0.00,3444.99,3444.99,251297.99,20436,F9,Frontier Airlines Inc.,F9,Frontier Airlines Inc.,06460,D,3,3,2024,2
627797.40,13322.02,420.77,0.00,13742.79,227521.47,6227.73,17355.84,251105.04,0.00,-167758.15,0.00,-167758.15,0.00,7310.60,0.00,7310.60,0.00,0.00,0.00,0.00,51892.92,0.00,12733.15,245.90,799123.49,0.00,2053.85,2053.85,171080.19,20007,5Y,Atlas Air Inc.,5Y,Atlas Air Inc.,16087,I,3,3,2024,2
647676.77,52217.76,10.36,1717.32,53945.45,1420.19,3684.62,31218.24,36323.04,120609.97,1926.81,851.74,123388.52,7231.22,0.00,0.00,7231.22,40597.80,0.00,0.00,40597.80,-40838.29,367.32,105.38,0.00,871916.55,0.00,3119.34,3119.34,224239.78,20436,F9,Frontier Airlines Inc.,F9,Frontier Airlines Inc.,06460,D,3,3,2024,3
660987.00,69358.00,38895.00,13839.00,122092.00,74388.00,24273.00,24370.00,123031.00,89856.00,5694.00,0.00,95550.00,71697.00,2969.00,0.00,74666.00,23493.00,16.00,0.00,23509.00,102631.00,246.00,10387.00,40072.00,1276646.00,12419.00,11056.00,23475.00,575587.00,19790,DL,Delta Air Lines Inc.,DL,Delta Air Lines Inc.,10260,L,3,3,2024,1
670864.75,58223.40,31738.26,13250.67,103212.33,30155.15,21592.17,32183.76,83931.08,59065.67,82041.79,,141107.46,20158.66,248.58,55688.71,76095.96,6015.25,,,6015.25,99744.54,,1244.45,60081.25,1265742.57,7151.04,16294.47,23445.50,534796.57,19977,UA,United Air Lines Inc.,UA,United Air Lines Inc.,10876,L,3,3,2024,2
761658.30,66341.47,33647.78,15378.59,115367.84,35391.89,40879.86,33935.04,110206.80,60549.03,86763.45,,147312.48,19564.30,309.14,53655.06,73528.49,8121.16,,,8121.16,79366.90,,1248.10,57936.32,1381198.27,8823.14,17628.74,26451.88,561603.65,19977,UA,United Air Lines Inc.,UA,United Air Lines Inc.,10876,L,3,3,2024,1
773946.84,85687.30,59698.18,14301.13,159686.62,19066.65,18589.57,19465.99,57122.21,45577.39,62930.23,,108507.62,17820.75,1689.29,53660.52,73170.55,9072.70,,,9072.70,132273.38,,3816.83,24319.17,1365811.56,8630.50,15265.15,23895.65,567545.56,19977,UA,United Air Lines Inc.,UA,United Air Lines Inc.,10877,P,3,3,2024,3
781440.31,84720.85,55106.79,14831.18,154658.82,18618.96,18253.30,17073.46,53945.71,50468.54,70090.05,,120558.59,23692.83,1407.64,59303.36,84403.83,7818.56,,,7818.56,120696.49,,1560.96,24772.80,1373797.26,8563.64,15377.55,23941.20,567584.16,19977,UA,United Air Lines Inc.,UA,United Air Lines Inc.,10877,P,3,3,2024,2
787443.79,79878.65,42361.85,7875.59,130116.09,21332.37,15642.24,35141.38,72115.99,33742.21,67802.29,14208.66,115753.16,19779.17,0.00,46348.07,66127.24,0.00,0.00,4634.71,4634.71,258418.54,0.00,248.27,4760.74,1459434.14,6300.83,13514.79,19815.62,667229.61,19805,AA,American Airlines Inc.,AA,American Airlines Inc.,10050,L,3,3,2024,3
811131.67,74277.41,738.98,0.00,75016.39,0.00,0.00,32271.32,32271.32,0.00,13592.10,56243.23,69835.33,34092.13,0.00,3346.53,37438.66,0.00,0.00,1638.79,1638.79,231953.10,3274.15,0.00,0.00,1274035.88,0.00,11476.47,11476.47,462904.21,20416,NK,Spirit Air Lines,NK,Spirit Air Lines,06830,D,3,3,2024,1
832447.83,75102.80,725.06,0.00,75827.86,0.00,0.00,36327.63,36327.63,0.00,14373.38,58958.87,73332.25,35416.87,0.00,3348.59,38765.46,0.00,0.00,2152.13,2152.13,199536.13,3464.94,0.00,0.00,1277160.50,0.00,15306.26,15306.26,444712.67,20416,NK,Spirit Air Lines,NK,Spirit Air Lines,06830,D,3,3,2024,2
842047.06,78168.02,1278.80,0.00,79446.82,0.00,0.00,37929.04,37929.04,0.00,15004.46,68039.65,83044.10,34690.89,0.00,3618.98,38309.86,0.00,0.00,12142.39,12142.39,242118.32,3461.30,0.00,0.00,1353150.09,0.00,14651.22,14651.22,511103.04,20416,NK,Spirit Air Lines,NK,Spirit Air Lines,06830,D,3,3,2024,3
848573.00,81767.00,45854.00,16314.00,143935.00,87697.00,28616.00,28730.00,145043.00,105932.00,6713.00,0.00,112645.00,84525.00,3500.00,0.00,88025.00,27697.00,19.00,0.00,27716.00,120994.00,242.00,10239.00,21979.00,1543666.00,13377.00,10898.00,24275.00,673114.00,19790,DL,Delta Air Lines Inc.,DL,Delta Air Lines Inc.,10261,A,3,3,2024,1
896493.48,90390.54,46237.15,6805.31,143433.00,23841.99,17078.01,40857.61,81777.61,36696.14,71439.98,15647.76,123783.87,19498.51,0.00,53257.04,72755.56,0.00,0.00,4280.38,4280.38,213160.61,0.00,279.52,5524.60,1563352.48,6664.89,15198.97,21863.86,661334.41,19805,AA,American Airlines Inc.,AA,American Airlines Inc.,10050,L,3,3,2024,2
933335.12,84491.11,40974.42,5653.13,131118.66,23514.94,15957.68,35347.60,74820.21,35383.03,70908.01,15470.56,121761.60,17622.16,0.00,48315.05,65937.21,0.00,0.00,4181.99,4181.99,222650.67,0.00,293.02,4209.44,1581572.71,8195.33,15069.46,23264.79,644028.15,19805,AA,American Airlines Inc.,AA,American Airlines Inc.,10049,A,3,3,2024,1
975467.00,115688.00,43852.00,10296.00,169836.00,178.00,18585.00,31116.00,49879.00,140777.00,13752.00,104193.00,258722.00,32045.00,230.00,63518.00,95794.00,12807.00,349.00,8634.00,21790.00,157597.00,461.00,0.00,391335.00,2150048.00,6453.00,22714.00,29167.00,783246.00,19930,AS,Alaska Airlines Inc.,AS,Alaska Airlines Inc.,06031,D,3,3,2024,1
990640.84,0.00,0.00,0.00,0.00,27558.34,39322.98,31489.07,98370.39,0.00,5228.35,16183.76,21412.11,0.00,257.05,740.90,997.95,0.00,13.30,0.00,13.30,65066.21,0.00,0.00,0.00,1189118.49,4815.75,7801.95,12617.69,198477.65,19917,5X,United Parcel Service,5X,United Parcel Service,06910,D,3,3,2024,1
994144.28,103679.05,62542.20,18369.52,184590.78,22935.24,19552.46,20753.10,63240.81,48344.67,67135.85,,115480.52,23904.02,1557.38,65305.33,90766.72,10986.67,,,10986.67,111345.50,,1730.53,28329.57,1631410.09,11669.54,19125.18,30794.72,608936.24,19977,UA,United Air Lines Inc.,UA,United Air Lines Inc.,10877,P,3,3,2024,1
1004305.01,0.00,0.00,0.00,0.00,32653.88,40417.10,36822.88,109893.86,0.00,4019.85,19612.07,23631.92,0.00,342.32,822.96,1165.28,0.00,12.82,0.00,12.82,54371.40,0.00,0.00,0.00,1211590.57,7733.80,10476.49,18210.29,207285.56,19917,5X,United Parcel Service,5X,United Parcel Service,06910,D,3,3,2024,3
1033571.17,0.00,0.00,0.00,0.00,27980.35,33961.77,30169.04,92111.15,0.00,5702.75,17169.75,22872.50,0.00,295.84,771.26,1067.10,0.00,1.37,0.00,1.37,57436.83,0.00,0.00,0.00,1222651.10,6258.90,9332.07,15590.97,189079.93,19917,5X,United Parcel Service,5X,United Parcel Service,06910,D,3,3,2024,2
1043345.64,99868.73,30829.61,33653.72,164352.06,7184.17,12808.04,43504.35,63496.55,217108.32,0.00,0.00,217108.32,70830.71,0.00,0.00,70830.71,14986.30,0.00,0.00,14986.30,86419.26,902.91,12708.44,631.89,1686507.73,2.16,11723.50,11725.66,642530.20,20409,B6,JetBlue Airways,B6,JetBlue Airways,06673,D,3,3,2024,2
1047089.84,99268.99,28202.40,31737.22,159208.60,12669.86,20917.08,42142.39,75729.33,216027.60,0.00,0.00,216027.60,63091.62,0.00,0.00,63091.62,19537.49,0.00,0.00,19537.49,70042.20,904.30,12063.93,392.83,1676137.68,15.53,12034.40,12049.93,628655.01,20409,B6,JetBlue Airways,B6,JetBlue Airways,06673,D,3,3,2024,1
1050414.00,128689.00,53142.00,11747.00,193578.00,137.00,22726.00,40394.00,63256.00,150821.00,14117.00,104821.00,269759.00,37247.00,238.00,61022.00,98507.00,12274.00,140.00,9248.00,21662.00,268820.00,489.00,0.00,422353.00,2421144.00,7585.00,24721.00,32306.00,948377.00,19930,AS,Alaska Airlines Inc.,AS,Alaska Airlines Inc.,06031,D,3,3,2024,2
1094155.00,139159.00,53667.00,11620.00,204445.00,148.00,20914.00,45557.00,66618.00,168627.00,15317.00,134938.00,318882.00,35731.00,240.00,62381.00,98352.00,12672.00,410.00,9846.00,22927.00,204883.00,436.00,0.00,419926.00,2463206.00,5764.00,26816.00,32580.00,949125.00,19930,AS,Alaska Airlines Inc.,AS,Alaska Airlines Inc.,06031,D,3,3,2024,3
1120542.23,116947.57,76961.75,26574.11,220483.43,25642.51,55408.84,34830.28,115881.62,61012.62,89354.47,,150367.08,29530.53,1579.80,76876.45,107986.78,12218.93,,,12218.93,113723.65,3.20,1890.12,32073.19,1910123.27,12757.69,22195.37,34953.05,757507.86,19977,UA,United Air Lines Inc.,UA,United Air Lines Inc.,10874,A,3,3,2024,1
1121493.78,107006.20,51754.08,7083.47,165843.75,29759.56,20173.90,44685.52,94618.98,44791.00,89984.27,19578.10,154353.36,22159.73,0.00,60861.35,83021.08,0.00,0.00,5253.30,5253.30,286310.87,0.00,372.74,5369.03,1946132.43,10381.38,19114.16,29495.54,819269.62,19805,AA,American Airlines Inc.,AA,American Airlines Inc.,10050,L,3,3,2024,1
1217567.00,,,,,18813.00,16888.00,53162.00,88863.00,,303597.00,,303597.00,,2821.00,,2821.00,,16780.00,,16780.00,279066.00,36991.00,1.00,10552081.00,12659881.00,81725.00,80389.00,162114.00,890233.00,20107,FX,Federal Express Corporation,FX,Federal Express Corporation,06200,D,3,3,2024,3
1239948.68,115786.94,36664.93,40945.74,193397.61,9991.81,17488.85,50967.96,78448.62,245034.15,0.00,0.00,245034.15,78170.04,0.00,0.00,78170.04,19781.51,0.00,0.00,19781.51,115902.18,1119.09,15924.94,414.51,2002024.98,19.40,13864.25,13883.65,761661.78,20409,B6,JetBlue Airways,B6,JetBlue Airways,06673,D,3,3,2024,3
1251286.00,152999.00,87404.00,30076.00,270479.00,147213.00,50691.00,57342.00,255246.00,170035.00,11636.00,0.00,181671.00,164456.00,6984.00,0.00,171440.00,52543.00,67.00,0.00,52610.00,315388.00,342.00,14481.00,42704.00,2585773.00,16224.00,13902.00,30126.00,1291783.00,19790,DL,Delta Air Lines Inc.,DL,Delta Air Lines Inc.,10261,A,3,3,2024,2
1340329.78,128813.99,65788.38,9771.33,204373.70,33863.20,24291.31,58361.28,116515.79,52180.48,101563.67,22212.89,175957.04,27646.01,0.00,75919.19,103565.19,0.00,0.00,6145.07,6145.07,300918.14,0.00,396.75,7868.12,2287117.24,9461.86,21585.81,31047.67,938919.34,19805,AA,American Airlines Inc.,AA,American Airlines Inc.,10049,A,3,3,2024,2
1349010.00,189481.00,100307.00,57067.00,346855.00,181595.00,60179.00,67169.00,308943.00,209369.00,14973.00,0.00,224342.00,179793.00,7627.00,0.00,187420.00,68342.00,15.00,0.00,68357.00,306677.00,376.00,13887.00,44962.00,2889186.00,18283.00,20074.00,38357.00,1495214.00,19790,DL,Delta Air Lines Inc.,DL,Delta Air Lines Inc.,10261,A,3,3,2024,3
1360384.00,,,,,13405.00,14527.00,44262.00,72194.00,,350180.00,,350180.00,,7177.00,,7177.00,,9581.00,,9581.00,438977.00,36020.00,1.00,2661902.00,5049076.00,90103.00,22557.00,112660.00,1026790.00,20107,FX,Federal Express Corporation,FX,Federal Express Corporation,06200,D,3,3,2024,1
1392281.19,133816.67,70957.02,13081.59,217855.27,35765.74,26166.41,58625.17,120557.32,56485.78,113695.38,23821.10,194002.25,32907.00,0.00,77631.77,110538.76,0.00,0.00,7786.32,7786.32,452598.96,0.00,418.05,7988.37,2537417.26,10595.21,22795.58,33390.79,1137147.70,19805,AA,American Airlines Inc.,AA,American Airlines Inc.,10049,A,3,3,2024,3
1440451.00,,,,,13342.00,13971.00,47745.00,75058.00,,344366.00,,344366.00,,6921.00,,6921.00,,8444.00,,8444.00,485599.00,41129.00,1.00,5228840.00,7742750.00,85913.00,26028.00,111941.00,1073459.00,20107,FX,Federal Express Corporation,FX,Federal Express Corporation,06200,D,3,3,2024,2
1522138.64,160468.27,117155.03,35034.79,312658.09,35134.76,89200.02,52858.27,177193.05,77744.75,115175.55,,192920.31,53149.44,1948.88,117805.60,172903.92,14141.07,,,14141.07,221523.90,18.03,2954.13,48064.68,2712078.80,16323.47,31239.51,47562.99,1141875.48,19977,UA,United Air Lines Inc.,UA,United Air Lines Inc.,10874,A,3,3,2024,2
1634661.43,175391.27,134367.87,40873.30,350632.44,38919.14,79141.37,60322.41,178382.91,95178.55,142387.03,,237565.58,46799.09,2118.32,114166.01,163083.42,15167.87,,,15167.87,252434.93,47.69,7735.96,48501.76,2939191.18,17532.43,33444.77,50977.19,1256027.99,19977,UA,United Air Lines Inc.,UA,United Air Lines Inc.,10874,A,3,3,2024,3
3322270.22,306444.48,170583.93,70706.11,547734.51,220919.74,108594.25,237601.73,567115.72,398434.02,631658.80,,1030092.82,117637.65,-5.81,254999.62,372631.45,36388.53,,,36388.53,664049.14,,15814.62,1138731.02,7826993.01,42542.66,89622.30,132164.96,3365991.76,19977,UA,United Air Lines Inc.,UA,United Air Lines Inc.,0A875,D,3,3,2024,3
3339735.97,297358.08,162824.22,63936.39,524118.70,213066.81,101851.64,223087.20,538005.66,397802.41,630997.40,,1028799.81,128101.91,-61.30,282459.25,410499.86,35231.76,,,35231.76,584797.21,,6296.60,1107883.46,7704711.58,41640.97,87701.58,129342.55,3257092.14,19977,UA,United Air Lines Inc.,UA,United Air Lines Inc.,0A875,D,3,3,2024,2
3367488.38,300669.97,146894.12,67252.08,514816.17,220469.85,105501.40,205258.86,531230.10,392786.04,623624.98,,1016411.02,98649.90,-37.27,236187.02,334799.64,45709.30,,,45709.30,532157.75,,5601.44,1039975.25,7517270.92,44389.42,84692.43,129081.86,3109807.28,19977,UA,United Air Lines Inc.,UA,United Air Lines Inc.,0A875,D,3,3,2024,1
3545347.00,537427.00,18867.00,10413.00,566707.00,644440.00,23259.00,186046.00,853745.00,379793.00,15199.00,24837.00,419829.00,227092.00,3054.00,4798.00,234944.00,130470.00,484.00,0.00,130954.00,684272.00,904.00,4106.00,34010.00,6648095.00,57880.00,115397.00,173277.00,3068738.00,19393,WN,Southwest Airlines Co.,WN,Southwest Airlines Co.,06725,D,3,3,2024,3
3579223.00,489513.00,15801.00,8488.00,513802.00,624701.00,26620.00,165673.00,816994.00,371465.00,14731.00,28626.00,414822.00,218100.00,3181.00,3584.00,224865.00,178112.00,334.00,0.00,178446.00,577304.00,971.00,3483.00,32917.00,6503009.00,54330.00,105852.00,160182.00,2890869.00,19393,WN,Southwest Airlines Co.,WN,Southwest Airlines Co.,06725,D,3,3,2024,1
3690829.00,500713.00,19035.00,10321.00,530069.00,633957.00,24209.00,185318.00,843484.00,385047.00,14975.00,25748.00,425770.00,240513.00,3228.00,4747.00,248488.00,133260.00,567.00,0.00,133827.00,658456.00,914.00,3485.00,35206.00,6732858.00,58187.00,104143.00,162330.00,3006823.00,19393,WN,Southwest Airlines Co.,WN,Southwest Airlines Co.,06725,D,3,3,2024,2
3757700.00,463447.00,259895.00,92469.00,815811.00,497061.00,162192.00,162837.00,822090.00,600413.00,38048.00,0.00,638461.00,479080.00,19839.00,0.00,498919.00,156981.00,109.00,0.00,157090.00,685781.00,1487.00,62915.00,2068818.00,9654939.00,78898.00,66969.00,145867.00,3828421.00,19790,DL,Delta Air Lines Inc.,DL,Delta Air Lines Inc.,01260,D,3,3,2024,1
3903355.00,511781.00,270925.00,154137.00,936843.00,490482.00,162541.00,181421.00,834444.00,565497.00,40440.00,0.00,605937.00,485613.00,20600.00,0.00,506213.00,184590.00,41.00,0.00,184631.00,828322.00,1513.00,55885.00,1988240.00,9985826.00,59661.00,80782.00,140443.00,4094231.00,19790,DL,Delta Air Lines Inc.,DL,Delta Air Lines Inc.,01260,D,3,3,2024,3
3935563.00,481787.00,275233.00,94709.00,851729.00,463568.00,159623.00,180568.00,803759.00,535433.00,36640.00,0.00,572073.00,517867.00,21993.00,0.00,539860.00,165455.00,211.00,0.00,165666.00,993146.00,1500.00,63561.00,2194266.00,10241983.00,59841.00,61019.00,120860.00,4112154.00,19790,DL,Delta Air Lines Inc.,DL,Delta Air Lines Inc.,01260,D,3,3,2024,2
3947763.41,394412.85,209129.83,38456.40,641999.08,105432.98,77090.35,172582.34,355105.67,166447.71,335182.12,70219.92,571849.75,96802.92,0.00,228823.30,325626.22,0.00,0.00,22971.92,22971.92,1349523.65,0.00,1233.75,1813575.23,9128202.11,31248.85,67304.58,98553.43,3366863.47,19805,AA,American Airlines Inc.,AA,American Airlines Inc.,0A050,D,3,3,2024,3
3971879.10,376266.42,182006.47,24946.38,583219.27,104623.50,70924.24,157206.67,332754.40,157498.69,316087.81,68873.81,542460.31,77835.17,0.00,214325.41,292160.59,0.00,0.00,18489.71,18489.71,1001360.50,0.00,1309.30,1726616.30,8573961.23,36507.71,67204.04,103711.75,2875465.83,19805,AA,American Airlines Inc.,AA,American Airlines Inc.,0A050,D,3,3,2024,1
3999865.03,397143.71,203157.99,29967.98,630269.67,104734.62,75042.71,179499.28,359276.61,161220.69,313949.97,68710.99,543881.66,85680.86,0.00,233991.49,319672.35,0.00,0.00,18850.37,18850.37,936218.37,0.00,1227.65,1824856.22,8730136.57,29260.74,66757.90,96018.64,2905415.32,19805,AA,American Airlines Inc.,AA,American Airlines Inc.,0A050,D,3,3,2024,2
